hs6,destination_iso3,model_rank,opportunity_score,ranker_score,predicted_export_usd,model_name
100199,ARE,1,100.0,-0.03309,513795.62,XGBRanker(rank:pairwise) v4 [rank]; XGBRegressor v4 [value]
100199,USA,2,70.5,-0.34606,2890.73,XGBRanker(rank:pairwise) v4 [rank]; XGBRegressor v4 [value]
100199,SGP,3,58.5,-0.47411,3348.32,XGBRanker(rank:pairwise) v4 [rank]; XGBRegressor v4 [value]
100199,SAU,4,49.7,-0.56761,68.83,XGBRanker(rank:pairwise) v4 [rank]; XGBRegressor v4 [value]
100199,NLD,5,30.7,-0.7691,802.02,XGBRanker(rank:pairwise) v4 [rank]; XGBRegressor v4 [value]
100199,GBR,6,27.4,-0.80422,1092.91,XGBRanker(rank:pairwise) v4 [rank]; XGBRegressor v4 [value]
100199,HKG,7,22.9,-0.85193,9.6,XGBRanker(rank:pairwise) v4 [rank]; XGBRegressor v4 [value]
100199,DEU,8,22.0,-0.86137,128.82,XGBRanker(rank:pairwise) v4 [rank]; XGBRegressor v4 [value]
100199,CHN,9,5.6,-1.03524,14.91,XGBRanker(rank:pairwise) v4 [rank]; XGBRegressor v4 [value]
100199,BGD,10,0.0,-1.09478,49.44,XGBRanker(rank:pairwise) v4 [rank]; XGBRegressor v4 [value]
100590,ARE,1,100.0,0.05172,1752465.0,XGBRanker(rank:pairwise) v4 [rank]; XGBRegressor v4 [value]
100590,BGD,2,98.2,0.0312,40922.16,XGBRanker(rank:pairwise) v4 [rank]; XGBRegressor v4 [value]
100590,SAU,3,76.0,-0.22042,582838.56,XGBRanker(rank:pairwise) v4 [rank]; XGBRegressor v4 [value]
100590,HKG,4,69.4,-0.29444,328029.84,XGBRanker(rank:pairwise) v4 [rank]; XGBRegressor v4 [value]
100590,GBR,5,60.3,-0.39788,143196.45,XGBRanker(rank:pairwise) v4 [rank]; XGBRegressor v4 [value]
100590,SGP,6,56.2,-0.44418,123202.88,XGBRanker(rank:pairwise) v4 [rank]; XGBRegressor v4 [value]
100590,USA,7,49.5,-0.5196,2734.64,XGBRanker(rank:pairwise) v4 [rank]; XGBRegressor v4 [value]
100590,NLD,8,45.2,-0.56875,799.26,XGBRanker(rank:pairwise) v4 [rank]; XGBRegressor v4 [value]
100590,DEU,9,41.9,-0.60644,1333.89,XGBRanker(rank:pairwise) v4 [rank]; XGBRegressor v4 [value]
100590,CHN,10,0.0,-1.08016,14.41,XGBRanker(rank:pairwise) v4 [rank]; XGBRegressor v4 [value]
100620,GBR,1,100.0,1.09988,115841980.0,XGBRanker(rank:pairwise) v4 [rank]; XGBRegressor v4 [value]
100620,NLD,2,66.7,0.33748,20089888.0,XGBRanker(rank:pairwise) v4 [rank]; XGBRegressor v4 [value]
100620,USA,3,60.7,0.20246,7651616.5,XGBRanker(rank:pairwise) v4 [rank]; XGBRegressor v4 [value]
100620,SAU,4,52.1,0.00483,2207648.8,XGBRanker(rank:pairwise) v4 [rank]; XGBRegressor v4 [value]
100620,DEU,5,49.3,-0.06019,2485080.0,XGBRanker(rank:pairwise) v4 [rank]; XGBRegressor v4 [value]
100620,ARE,6,39.9,-0.27417,35991.43,XGBRanker(rank:pairwise) v4 [rank]; XGBRegressor v4 [value]
100620,SGP,7,38.4,-0.30903,281107.88,XGBRanker(rank:pairwise) v4 [rank]; XGBRegressor v4 [value]
100620,HKG,8,12.9,-0.8916,5.36,XGBRanker(rank:pairwise) v4 [rank]; XGBRegressor v4 [value]
100620,CHN,9,9.1,-0.97876,5.82,XGBRanker(rank:pairwise) v4 [rank]; XGBRegressor v4 [value]
100620,BGD,10,0.0,-1.18623,5.58,XGBRanker(rank:pairwise) v4 [rank]; XGBRegressor v4 [value]
100630,SAU,1,100.0,1.48632,1096157600.0,XGBRanker(rank:pairwise) v4 [rank]; XGBRegressor v4 [value]
100630,USA,2,95.9,1.41409,301620770.0,XGBRanker(rank:pairwise) v4 [rank]; XGBRegressor v4 [value]
100630,ARE,3,91.4,1.33557,333172930.0,XGBRanker(rank:pairwise) v4 [rank]; XGBRegressor v4 [value]
100630,SGP,4,71.4,0.98793,88179224.0,XGBRanker(rank:pairwise) v4 [rank]; XGBRegressor v4 [value]
100630,GBR,5,67.3,0.91626,73296930.0,XGBRanker(rank:pairwise) v4 [rank]; XGBRegressor v4 [value]
100630,BGD,6,63.9,0.85671,15263305.0,XGBRanker(rank:pairwise) v4 [rank]; XGBRegressor v4 [value]
100630,NLD,7,61.8,0.81951,51981252.0,XGBRanker(rank:pairwise) v4 [rank]; XGBRegressor v4 [value]
100630,CHN,8,61.2,0.8092,44707084.0,XGBRanker(rank:pairwise) v4 [rank]; XGBRegressor v4 [value]
100630,DEU,9,52.7,0.66089,36515036.0,XGBRanker(rank:pairwise) v4 [rank]; XGBRegressor v4 [value]
100630,HKG,10,0.0,-0.25799,1169374.1,XGBRanker(rank:pairwise) v4 [rank]; XGBRegressor v4 [value]
100640,NLD,1,100.0,0.01744,2764249.5,XGBRanker(rank:pairwise) v4 [rank]; XGBRegressor v4 [value]
100640,DEU,2,92.1,-0.07141,1425344.4,XGBRanker(rank:pairwise) v4 [rank]; XGBRegressor v4 [value]
100640,SGP,3,71.3,-0.30694,298981.97,XGBRanker(rank:pairwise) v4 [rank]; XGBRegressor v4 [value]
100640,SAU,4,63.0,-0.40061,72172.53,XGBRanker(rank:pairwise) v4 [rank]; XGBRegressor v4 [value]
100640,GBR,5,60.6,-0.4277,215636.48,XGBRanker(rank:pairwise) v4 [rank]; XGBRegressor v4 [value]
100640,USA,6,58.6,-0.45091,80955.5,XGBRanker(rank:pairwise) v4 [rank]; XGBRegressor v4 [value]
100640,ARE,7,38.7,-0.67617,3312.75,XGBRanker(rank:pairwise) v4 [rank]; XGBRegressor v4 [value]
100640,HKG,8,22.5,-0.85887,3.82,XGBRanker(rank:pairwise) v4 [rank]; XGBRegressor v4 [value]
100640,CHN,9,7.4,-1.02929,875.45,XGBRanker(rank:pairwise) v4 [rank]; XGBRegressor v4 [value]
100640,BGD,10,0.0,-1.1132,5.58,XGBRanker(rank:pairwise) v4 [rank]; XGBRegressor v4 [value]
270400,BGD,1,100.0,-0.07229,708046.4,XGBRanker(rank:pairwise) v4 [rank]; XGBRegressor v4 [value]
270400,SAU,2,89.6,-0.17053,671996.4,XGBRanker(rank:pairwise) v4 [rank]; XGBRegressor v4 [value]
270400,ARE,3,79.5,-0.26589,52343.52,XGBRanker(rank:pairwise) v4 [rank]; XGBRegressor v4 [value]
270400,SGP,4,48.2,-0.56095,2.43,XGBRanker(rank:pairwise) v4 [rank]; XGBRegressor v4 [value]
270400,USA,5,40.5,-0.63413,780.99,XGBRanker(rank:pairwise) v4 [rank]; XGBRegressor v4 [value]
270400,NLD,6,33.8,-0.69758,14.42,XGBRanker(rank:pairwise) v4 [rank]; XGBRegressor v4 [value]
270400,GBR,7,27.3,-0.75851,162.8,XGBRanker(rank:pairwise) v4 [rank]; XGBRegressor v4 [value]
270400,HKG,8,20.2,-0.82598,1.06,XGBRanker(rank:pairwise) v4 [rank]; XGBRegressor v4 [value]
270400,DEU,9,19.9,-0.82833,11.55,XGBRanker(rank:pairwise) v4 [rank]; XGBRegressor v4 [value]
270400,CHN,10,0.0,-1.01649,0.06,XGBRanker(rank:pairwise) v4 [rank]; XGBRegressor v4 [value]
270799,SGP,1,100.0,0.99763,189905360.0,XGBRanker(rank:pairwise) v4 [rank]; XGBRegressor v4 [value]
270799,ARE,2,97.0,0.9354,134418530.0,XGBRanker(rank:pairwise) v4 [rank]; XGBRegressor v4 [value]
270799,SAU,3,58.9,0.15858,7084752.5,XGBRanker(rank:pairwise) v4 [rank]; XGBRegressor v4 [value]
270799,NLD,4,48.4,-0.05575,1983594.2,XGBRanker(rank:pairwise) v4 [rank]; XGBRegressor v4 [value]
270799,GBR,5,39.7,-0.23361,511667.62,XGBRanker(rank:pairwise) v4 [rank]; XGBRegressor v4 [value]
270799,BGD,6,35.0,-0.33057,309593.53,XGBRanker(rank:pairwise) v4 [rank]; XGBRegressor v4 [value]
270799,USA,7,33.4,-0.3628,145603.31,XGBRanker(rank:pairwise) v4 [rank]; XGBRegressor v4 [value]
270799,HKG,8,13.7,-0.76509,0.54,XGBRanker(rank:pairwise) v4 [rank]; XGBRegressor v4 [value]
270799,DEU,9,11.0,-0.82065,7.58,XGBRanker(rank:pairwise) v4 [rank]; XGBRegressor v4 [value]
270799,CHN,10,0.0,-1.04542,0.74,XGBRanker(rank:pairwise) v4 [rank]; XGBRegressor v4 [value]
271000,ARE,1,100.0,1.93359,2016680800.0,XGBRanker(rank:pairwise) v4 [rank]; XGBRegressor v4 [value]
271000,NLD,2,88.7,1.81617,2482936000.0,XGBRanker(rank:pairwise) v4 [rank]; XGBRegressor v4 [value]
271000,SGP,3,74.6,1.66986,2321734400.0,XGBRanker(rank:pairwise) v4 [rank]; XGBRegressor v4 [value]
271000,USA,4,65.4,1.57424,2249980400.0,XGBRanker(rank:pairwise) v4 [rank]; XGBRegressor v4 [value]
271000,GBR,5,41.0,1.32035,1552010500.0,XGBRanker(rank:pairwise) v4 [rank]; XGBRegressor v4 [value]
271000,SAU,6,29.8,1.20371,315423140.0,XGBRanker(rank:pairwise) v4 [rank]; XGBRegressor v4 [value]
271000,CHN,7,26.8,1.17289,1283008000.0,XGBRanker(rank:pairwise) v4 [rank]; XGBRegressor v4 [value]
271000,BGD,8,20.7,1.10972,1187693400.0,XGBRanker(rank:pairwise) v4 [rank]; XGBRegressor v4 [value]
271000,HKG,9,16.5,1.06506,223708180.0,XGBRanker(rank:pairwise) v4 [rank]; XGBRegressor v4 [value]
271000,DEU,10,0.0,0.89404,85382480.0,XGBRanker(rank:pairwise) v4 [rank]; XGBRegressor v4 [value]
271119,SGP,1,100.0,-0.37668,11716.22,XGBRanker(rank:pairwise) v4 [rank]; XGBRegressor v4 [value]
271119,USA,2,73.6,-0.55686,5.12,XGBRanker(rank:pairwise) v4 [rank]; XGBRegressor v4 [value]
271119,SAU,3,72.5,-0.56416,2726.84,XGBRanker(rank:pairwise) v4 [rank]; XGBRegressor v4 [value]
271119,HKG,4,55.0,-0.68363,0.6,XGBRanker(rank:pairwise) v4 [rank]; XGBRegressor v4 [value]
271119,NLD,5,50.8,-0.7125,4.06,XGBRanker(rank:pairwise) v4 [rank]; XGBRegressor v4 [value]
271119,DEU,6,45.6,-0.74779,5.51,XGBRanker(rank:pairwise) v4 [rank]; XGBRegressor v4 [value]
271119,GBR,7,39.3,-0.79092,2.98,XGBRanker(rank:pairwise) v4 [rank]; XGBRegressor v4 [value]
271119,ARE,8,35.2,-0.81867,94.66,XGBRanker(rank:pairwise) v4 [rank]; XGBRegressor v4 [value]
271119,BGD,9,2.8,-1.03991,2.32,XGBRanker(rank:pairwise) v4 [rank]; XGBRegressor v4 [value]
271119,CHN,10,0.0,-1.05874,0.66,XGBRanker(rank:pairwise) v4 [rank]; XGBRegressor v4 [value]
271600,BGD,1,100.0,1.46884,1096772500.0,XGBRanker(rank:pairwise) v4 [rank]; XGBRegressor v4 [value]
271600,USA,2,22.8,-0.44351,2.16,XGBRanker(rank:pairwise) v4 [rank]; XGBRegressor v4 [value]
271600,SGP,3,16.3,-0.60457,4.5,XGBRanker(rank:pairwise) v4 [rank]; XGBRegressor v4 [value]
271600,HKG,4,13.5,-0.67376,0.78,XGBRanker(rank:pairwise) v4 [rank]; XGBRegressor v4 [value]
271600,SAU,5,12.4,-0.69993,0.92,XGBRanker(rank:pairwise) v4 [rank]; XGBRegressor v4 [value]
271600,NLD,6,10.8,-0.74019,3.47,XGBRanker(rank:pairwise) v4 [rank]; XGBRegressor v4 [value]
271600,GBR,7,10.8,-0.74118,2.11,XGBRanker(rank:pairwise) v4 [rank]; XGBRegressor v4 [value]
271600,DEU,8,8.2,-0.80585,2.16,XGBRanker(rank:pairwise) v4 [rank]; XGBRegressor v4 [value]
271600,ARE,9,6.4,-0.8494,6.0,XGBRanker(rank:pairwise) v4 [rank]; XGBRegressor v4 [value]
271600,CHN,10,0.0,-1.00776,0.81,XGBRanker(rank:pairwise) v4 [rank]; XGBRegressor v4 [value]
290220,SAU,1,100.0,1.74608,268021570.0,XGBRanker(rank:pairwise) v4 [rank]; XGBRegressor v4 [value]
290220,CHN,2,77.3,1.15083,127869790.0,XGBRanker(rank:pairwise) v4 [rank]; XGBRegressor v4 [value]
290220,USA,3,75.5,1.10283,70713576.0,XGBRanker(rank:pairwise) v4 [rank]; XGBRegressor v4 [value]
290220,SGP,4,57.3,0.62335,25027032.0,XGBRanker(rank:pairwise) v4 [rank]; XGBRegressor v4 [value]
290220,NLD,5,50.4,0.44186,20184144.0,XGBRanker(rank:pairwise) v4 [rank]; XGBRegressor v4 [value]
290220,ARE,6,30.9,-0.06832,31659.78,XGBRanker(rank:pairwise) v4 [rank]; XGBRegressor v4 [value]
290220,DEU,7,27.4,-0.16248,495111.47,XGBRanker(rank:pairwise) v4 [rank]; XGBRegressor v4 [value]
290220,GBR,8,14.6,-0.49717,1353.5,XGBRanker(rank:pairwise) v4 [rank]; XGBRegressor v4 [value]
290220,BGD,9,0.4,-0.86955,1354.92,XGBRanker(rank:pairwise) v4 [rank]; XGBRegressor v4 [value]
290220,HKG,10,0.0,-0.88104,1.64,XGBRanker(rank:pairwise) v4 [rank]; XGBRegressor v4 [value]
290243,USA,1,100.0,1.00246,35277892.0,XGBRanker(rank:pairwise) v4 [rank]; XGBRegressor v4 [value]
290243,CHN,2,83.6,0.637,25143828.0,XGBRanker(rank:pairwise) v4 [rank]; XGBRegressor v4 [value]
290243,DEU,3,38.1,-0.37867,9586.44,XGBRanker(rank:pairwise) v4 [rank]; XGBRegressor v4 [value]
290243,NLD,4,32.4,-0.50531,200947.52,XGBRanker(rank:pairwise) v4 [rank]; XGBRegressor v4 [value]
290243,GBR,5,30.2,-0.55505,1328.1,XGBRanker(rank:pairwise) v4 [rank]; XGBRegressor v4 [value]
290243,SAU,6,29.7,-0.56597,18709.33,XGBRanker(rank:pairwise) v4 [rank]; XGBRegressor v4 [value]
290243,SGP,7,26.0,-0.64805,332.46,XGBRanker(rank:pairwise) v4 [rank]; XGBRegressor v4 [value]
290243,ARE,8,20.5,-0.77026,335.78,XGBRanker(rank:pairwise) v4 [rank]; XGBRegressor v4 [value]
290243,HKG,9,15.1,-0.89151,3.64,XGBRanker(rank:pairwise) v4 [rank]; XGBRegressor v4 [value]
290243,BGD,10,0.0,-1.22775,5.4,XGBRanker(rank:pairwise) v4 [rank]; XGBRegressor v4 [value]
293339,USA,1,100.0,1.59562,127611510.0,XGBRanker(rank:pairwise) v4 [rank]; XGBRegressor v4 [value]
293339,GBR,2,74.4,1.0928,115838670.0,XGBRanker(rank:pairwise) v4 [rank]; XGBRegressor v4 [value]
293339,DEU,3,71.7,1.03856,48554264.0,XGBRanker(rank:pairwise) v4 [rank]; XGBRegressor v4 [value]
293339,CHN,4,68.2,0.96972,47997470.0,XGBRanker(rank:pairwise) v4 [rank]; XGBRegressor v4 [value]
293339,NLD,5,66.8,0.94241,70258770.0,XGBRanker(rank:pairwise) v4 [rank]; XGBRegressor v4 [value]
293339,BGD,6,51.3,0.63751,29791110.0,XGBRanker(rank:pairwise) v4 [rank]; XGBRegressor v4 [value]
293339,SAU,7,25.4,0.12843,12390744.0,XGBRanker(rank:pairwise) v4 [rank]; XGBRegressor v4 [value]
293339,ARE,8,21.8,0.05776,6248689.5,XGBRanker(rank:pairwise) v4 [rank]; XGBRegressor v4 [value]
293339,SGP,9,6.3,-0.24686,4134123.0,XGBRanker(rank:pairwise) v4 [rank]; XGBRegressor v4 [value]
293339,HKG,10,0.0,-0.37151,335830.0,XGBRanker(rank:pairwise) v4 [rank]; XGBRegressor v4 [value]
293399,SGP,1,100.0,1.63788,90706640.0,XGBRanker(rank:pairwise) v4 [rank]; XGBRegressor v4 [value]
293399,USA,2,94.0,1.52945,98472216.0,XGBRanker(rank:pairwise) v4 [rank]; XGBRegressor v4 [value]
293399,CHN,3,64.9,1.00456,71100510.0,XGBRanker(rank:pairwise) v4 [rank]; XGBRegressor v4 [value]
293399,DEU,4,58.4,0.88821,48138200.0,XGBRanker(rank:pairwise) v4 [rank]; XGBRegressor v4 [value]
293399,NLD,5,33.3,0.43574,26143302.0,XGBRanker(rank:pairwise) v4 [rank]; XGBRegressor v4 [value]
293399,GBR,6,18.5,0.16908,3439344.8,XGBRanker(rank:pairwise) v4 [rank]; XGBRegressor v4 [value]
293399,ARE,7,15.0,0.10533,1637121.5,XGBRanker(rank:pairwise) v4 [rank]; XGBRegressor v4 [value]
293399,BGD,8,13.2,0.07345,10430929.0,XGBRanker(rank:pairwise) v4 [rank]; XGBRegressor v4 [value]
293399,SAU,9,6.4,-0.04953,8096498.5,XGBRanker(rank:pairwise) v4 [rank]; XGBRegressor v4 [value]
293399,HKG,10,0.0,-0.16449,1323965.6,XGBRanker(rank:pairwise) v4 [rank]; XGBRegressor v4 [value]
293499,USA,1,100.0,1.65386,194076900.0,XGBRanker(rank:pairwise) v4 [rank]; XGBRegressor v4 [value]
293499,DEU,2,68.3,1.01667,57996908.0,XGBRanker(rank:pairwise) v4 [rank]; XGBRegressor v4 [value]
293499,CHN,3,52.9,0.70579,40934388.0,XGBRanker(rank:pairwise) v4 [rank]; XGBRegressor v4 [value]
293499,ARE,4,40.7,0.46075,20495936.0,XGBRanker(rank:pairwise) v4 [rank]; XGBRegressor v4 [value]
293499,GBR,5,36.9,0.38511,15191421.0,XGBRanker(rank:pairwise) v4 [rank]; XGBRegressor v4 [value]
293499,SGP,6,35.2,0.3505,21348732.0,XGBRanker(rank:pairwise) v4 [rank]; XGBRegressor v4 [value]
293499,NLD,7,13.7,-0.08221,8312724.5,XGBRanker(rank:pairwise) v4 [rank]; XGBRegressor v4 [value]
293499,BGD,8,10.4,-0.14779,6350906.0,XGBRanker(rank:pairwise) v4 [rank]; XGBRegressor v4 [value]
293499,SAU,9,3.6,-0.28622,2835729.2,XGBRanker(rank:pairwise) v4 [rank]; XGBRegressor v4 [value]
293499,HKG,10,0.0,-0.35788,287018.0,XGBRanker(rank:pairwise) v4 [rank]; XGBRegressor v4 [value]
300220,DEU,1,100.0,0.49873,10513481.0,XGBRanker(rank:pairwise) v4 [rank]; XGBRegressor v4 [value]
300220,USA,2,95.4,0.44085,2505918.2,XGBRanker(rank:pairwise) v4 [rank]; XGBRegressor v4 [value]
300220,BGD,3,85.0,0.31208,9163307.0,XGBRanker(rank:pairwise) v4 [rank]; XGBRegressor v4 [value]
300220,GBR,4,69.9,0.12386,3422693.0,XGBRanker(rank:pairwise) v4 [rank]; XGBRegressor v4 [value]
300220,ARE,5,56.7,-0.04094,3129755.2,XGBRanker(rank:pairwise) v4 [rank]; XGBRegressor v4 [value]
300220,CHN,6,39.6,-0.25487,319018.94,XGBRanker(rank:pairwise) v4 [rank]; XGBRegressor v4 [value]
300220,NLD,7,35.0,-0.31194,2307356.0,XGBRanker(rank:pairwise) v4 [rank]; XGBRegressor v4 [value]
300220,SAU,8,33.1,-0.33554,1529334.8,XGBRanker(rank:pairwise) v4 [rank]; XGBRegressor v4 [value]
300220,SGP,9,21.6,-0.47937,2366765.8,XGBRanker(rank:pairwise) v4 [rank]; XGBRegressor v4 [value]
300220,HKG,10,0.0,-0.74824,62817.69,XGBRanker(rank:pairwise) v4 [rank]; XGBRegressor v4 [value]
300390,USA,1,100.0,1.20174,35980616.0,XGBRanker(rank:pairwise) v4 [rank]; XGBRegressor v4 [value]
300390,DEU,2,70.6,0.69465,35603644.0,XGBRanker(rank:pairwise) v4 [rank]; XGBRegressor v4 [value]
300390,ARE,3,32.1,0.02944,7722970.0,XGBRanker(rank:pairwise) v4 [rank]; XGBRegressor v4 [value]
300390,NLD,4,21.8,-0.14835,6107927.5,XGBRanker(rank:pairwise) v4 [rank]; XGBRegressor v4 [value]
300390,GBR,5,14.0,-0.28378,2339520.0,XGBRanker(rank:pairwise) v4 [rank]; XGBRegressor v4 [value]
300390,BGD,6,13.3,-0.29561,1826316.8,XGBRanker(rank:pairwise) v4 [rank]; XGBRegressor v4 [value]
300390,SAU,7,12.6,-0.30679,2564529.8,XGBRanker(rank:pairwise) v4 [rank]; XGBRegressor v4 [value]
300390,SGP,8,4.8,-0.44174,939034.25,XGBRanker(rank:pairwise) v4 [rank]; XGBRegressor v4 [value]
300390,CHN,9,1.8,-0.49332,619555.1,XGBRanker(rank:pairwise) v4 [rank]; XGBRegressor v4 [value]
300390,HKG,10,0.0,-0.52519,851096.2,XGBRanker(rank:pairwise) v4 [rank]; XGBRegressor v4 [value]
300410,USA,1,100.0,1.67427,164073470.0,XGBRanker(rank:pairwise) v4 [rank]; XGBRegressor v4 [value]
300410,GBR,2,56.1,0.4562,21017712.0,XGBRanker(rank:pairwise) v4 [rank]; XGBRegressor v4 [value]
300410,DEU,3,46.7,0.19785,8605020.0,XGBRanker(rank:pairwise) v4 [rank]; XGBRegressor v4 [value]
300410,ARE,4,44.7,0.14115,8033016.5,XGBRanker(rank:pairwise) v4 [rank]; XGBRegressor v4 [value]
300410,NLD,5,40.4,0.02102,8471337.0,XGBRanker(rank:pairwise) v4 [rank]; XGBRegressor v4 [value]
300410,HKG,6,26.9,-0.352,2104262.0,XGBRanker(rank:pairwise) v4 [rank]; XGBRegressor v4 [value]
300410,SAU,7,26.0,-0.37656,1859721.6,XGBRanker(rank:pairwise) v4 [rank]; XGBRegressor v4 [value]
300410,SGP,8,23.7,-0.44058,914131.6,XGBRanker(rank:pairwise) v4 [rank]; XGBRegressor v4 [value]
300410,CHN,9,12.7,-0.74699,132175.19,XGBRanker(rank:pairwise) v4 [rank]; XGBRegressor v4 [value]
300410,BGD,10,0.0,-1.09803,3699.35,XGBRanker(rank:pairwise) v4 [rank]; XGBRegressor v4 [value]
300420,USA,1,100.0,1.93023,308006500.0,XGBRanker(rank:pairwise) v4 [rank]; XGBRegressor v4 [value]
300420,DEU,2,47.5,0.56168,22051256.0,XGBRanker(rank:pairwise) v4 [rank]; XGBRegressor v4 [value]
300420,GBR,3,41.8,0.41265,20613512.0,XGBRanker(rank:pairwise) v4 [rank]; XGBRegressor v4 [value]
300420,ARE,4,31.1,0.13451,9528405.0,XGBRanker(rank:pairwise) v4 [rank]; XGBRegressor v4 [value]
300420,NLD,5,22.8,-0.08219,8201802.0,XGBRanker(rank:pairwise) v4 [rank]; XGBRegressor v4 [value]
300420,CHN,6,16.2,-0.255,2362593.8,XGBRanker(rank:pairwise) v4 [rank]; XGBRegressor v4 [value]
300420,SAU,7,15.1,-0.28243,2709223.2,XGBRanker(rank:pairwise) v4 [rank]; XGBRegressor v4 [value]
300420,SGP,8,14.5,-0.29865,3331334.0,XGBRanker(rank:pairwise) v4 [rank]; XGBRegressor v4 [value]
300420,HKG,9,13.8,-0.31538,3933166.5,XGBRanker(rank:pairwise) v4 [rank]; XGBRegressor v4 [value]
300420,BGD,10,0.0,-0.67637,307147.3,XGBRanker(rank:pairwise) v4 [rank]; XGBRegressor v4 [value]
300490,USA,1,100.0,2.20796,2534183200.0,XGBRanker(rank:pairwise) v4 [rank]; XGBRegressor v4 [value]
300490,GBR,2,75.5,1.65476,457612830.0,XGBRanker(rank:pairwise) v4 [rank]; XGBRegressor v4 [value]
300490,DEU,3,67.5,1.47482,330263780.0,XGBRanker(rank:pairwise) v4 [rank]; XGBRegressor v4 [value]
300490,NLD,4,66.5,1.45141,288190340.0,XGBRanker(rank:pairwise) v4 [rank]; XGBRegressor v4 [value]
300490,ARE,5,53.3,1.15519,82858984.0,XGBRanker(rank:pairwise) v4 [rank]; XGBRegressor v4 [value]
300490,SAU,6,53.1,1.14867,100357144.0,XGBRanker(rank:pairwise) v4 [rank]; XGBRegressor v4 [value]
300490,CHN,7,44.7,0.95922,82393290.0,XGBRanker(rank:pairwise) v4 [rank]; XGBRegressor v4 [value]
300490,SGP,8,38.4,0.81867,47377610.0,XGBRanker(rank:pairwise) v4 [rank]; XGBRegressor v4 [value]
300490,HKG,9,19.6,0.39385,26524318.0,XGBRanker(rank:pairwise) v4 [rank]; XGBRegressor v4 [value]
300490,BGD,10,0.0,-0.04858,8208289.5,XGBRanker(rank:pairwise) v4 [rank]; XGBRegressor v4 [value]
610462,USA,1,100.0,1.52949,76992000.0,XGBRanker(rank:pairwise) v4 [rank]; XGBRegressor v4 [value]
610462,DEU,2,79.4,0.94311,48138200.0,XGBRanker(rank:pairwise) v4 [rank]; XGBRegressor v4 [value]
610462,GBR,3,63.3,0.48736,22051256.0,XGBRanker(rank:pairwise) v4 [rank]; XGBRegressor v4 [value]
610462,SAU,4,45.6,-0.01709,7669274.0,XGBRanker(rank:pairwise) v4 [rank]; XGBRegressor v4 [value]
610462,ARE,5,40.0,-0.17591,5965948.0,XGBRanker(rank:pairwise) v4 [rank]; XGBRegressor v4 [value]
610462,NLD,6,36.2,-0.28298,4329046.0,XGBRanker(rank:pairwise) v4 [rank]; XGBRegressor v4 [value]
610462,CHN,7,18.0,-0.80245,741114.0,XGBRanker(rank:pairwise) v4 [rank]; XGBRegressor v4 [value]
610462,SGP,8,15.3,-0.87923,622645.94,XGBRanker(rank:pairwise) v4 [rank]; XGBRegressor v4 [value]
610462,HKG,9,13.1,-0.94061,195753.4,XGBRanker(rank:pairwise) v4 [rank]; XGBRegressor v4 [value]
610462,BGD,10,0.0,-1.31339,9194.19,XGBRanker(rank:pairwise) v4 [rank]; XGBRegressor v4 [value]
610910,USA,1,100.0,2.03828,347319680.0,XGBRanker(rank:pairwise) v4 [rank]; XGBRegressor v4 [value]
610910,DEU,2,83.8,1.52502,149230260.0,XGBRanker(rank:pairwise) v4 [rank]; XGBRegressor v4 [value]
610910,ARE,3,76.7,1.30256,99397600.0,XGBRanker(rank:pairwise) v4 [rank]; XGBRegressor v4 [value]
610910,GBR,4,76.3,1.2887,96593550.0,XGBRanker(rank:pairwise) v4 [rank]; XGBRegressor v4 [value]
610910,NLD,5,72.5,1.17022,72554720.0,XGBRanker(rank:pairwise) v4 [rank]; XGBRegressor v4 [value]
610910,SAU,6,66.3,0.97337,76645190.0,XGBRanker(rank:pairwise) v4 [rank]; XGBRegressor v4 [value]
610910,CHN,7,46.5,0.34639,18793784.0,XGBRanker(rank:pairwise) v4 [rank]; XGBRegressor v4 [value]
610910,SGP,8,22.3,-0.41677,3956800.8,XGBRanker(rank:pairwise) v4 [rank]; XGBRegressor v4 [value]
610910,HKG,9,22.2,-0.42148,4539143.0,XGBRanker(rank:pairwise) v4 [rank]; XGBRegressor v4 [value]
610910,BGD,10,0.0,-1.12269,279200.25,XGBRanker(rank:pairwise) v4 [rank]; XGBRegressor v4 [value]
610990,USA,1,100.0,1.63222,97428430.0,XGBRanker(rank:pairwise) v4 [rank]; XGBRegressor v4 [value]
610990,ARE,2,77.9,1.05791,73084590.0,XGBRanker(rank:pairwise) v4 [rank]; XGBRegressor v4 [value]
610990,DEU,3,60.8,0.61239,26756788.0,XGBRanker(rank:pairwise) v4 [rank]; XGBRegressor v4 [value]
610990,GBR,4,50.7,0.34933,15122993.0,XGBRanker(rank:pairwise) v4 [rank]; XGBRegressor v4 [value]
610990,NLD,5,46.4,0.23769,14927316.0,XGBRanker(rank:pairwise) v4 [rank]; XGBRegressor v4 [value]
610990,SAU,6,43.1,0.15187,15201478.0,XGBRanker(rank:pairwise) v4 [rank]; XGBRegressor v4 [value]
610990,BGD,7,14.2,-0.59959,950716.94,XGBRanker(rank:pairwise) v4 [rank]; XGBRegressor v4 [value]
610990,SGP,8,13.0,-0.63051,1237289.9,XGBRanker(rank:pairwise) v4 [rank]; XGBRegressor v4 [value]
610990,CHN,9,10.3,-0.70073,683457.6,XGBRanker(rank:pairwise) v4 [rank]; XGBRegressor v4 [value]
610990,HKG,10,0.0,-0.96765,851222.8,XGBRanker(rank:pairwise) v4 [rank]; XGBRegressor v4 [value]
611020,USA,1,100.0,1.94175,331102660.0,XGBRanker(rank:pairwise) v4 [rank]; XGBRegressor v4 [value]
611020,DEU,2,79.3,1.27788,92951070.0,XGBRanker(rank:pairwise) v4 [rank]; XGBRegressor v4 [value]
611020,GBR,3,62.7,0.74527,41070468.0,XGBRanker(rank:pairwise) v4 [rank]; XGBRegressor v4 [value]
611020,NLD,4,59.8,0.65256,34823892.0,XGBRanker(rank:pairwise) v4 [rank]; XGBRegressor v4 [value]
611020,SAU,5,42.3,0.08864,13180070.0,XGBRanker(rank:pairwise) v4 [rank]; XGBRegressor v4 [value]
611020,ARE,6,32.1,-0.23634,3370326.5,XGBRanker(rank:pairwise) v4 [rank]; XGBRegressor v4 [value]
611020,CHN,7,25.6,-0.44605,1944002.1,XGBRanker(rank:pairwise) v4 [rank]; XGBRegressor v4 [value]
611020,SGP,8,20.6,-0.6067,1112092.5,XGBRanker(rank:pairwise) v4 [rank]; XGBRegressor v4 [value]
611020,HKG,9,17.7,-0.6978,1045392.9,XGBRanker(rank:pairwise) v4 [rank]; XGBRegressor v4 [value]
611020,BGD,10,0.0,-1.26729,15910.18,XGBRanker(rank:pairwise) v4 [rank]; XGBRegressor v4 [value]
611120,USA,1,100.0,1.82493,223611760.0,XGBRanker(rank:pairwise) v4 [rank]; XGBRegressor v4 [value]
611120,GBR,2,78.6,1.17165,90363690.0,XGBRanker(rank:pairwise) v4 [rank]; XGBRegressor v4 [value]
611120,DEU,3,75.8,1.08623,48138200.0,XGBRanker(rank:pairwise) v4 [rank]; XGBRegressor v4 [value]
611120,ARE,4,66.9,0.81291,38599064.0,XGBRanker(rank:pairwise) v4 [rank]; XGBRegressor v4 [value]
611120,SAU,5,62.3,0.67158,42772884.0,XGBRanker(rank:pairwise) v4 [rank]; XGBRegressor v4 [value]
611120,NLD,6,56.0,0.48016,26143302.0,XGBRanker(rank:pairwise) v4 [rank]; XGBRegressor v4 [value]
611120,CHN,7,32.6,-0.2334,7487444.5,XGBRanker(rank:pairwise) v4 [rank]; XGBRegressor v4 [value]
611120,SGP,8,14.3,-0.79262,1005652.25,XGBRanker(rank:pairwise) v4 [rank]; XGBRegressor v4 [value]
611120,HKG,9,13.7,-0.81343,1077532.6,XGBRanker(rank:pairwise) v4 [rank]; XGBRegressor v4 [value]
611120,BGD,10,0.0,-1.23103,126563.28,XGBRanker(rank:pairwise) v4 [rank]; XGBRegressor v4 [value]
620342,USA,1,100.0,1.63764,105011224.0,XGBRanker(rank:pairwise) v4 [rank]; XGBRegressor v4 [value]
620342,DEU,2,74.3,0.95855,48526304.0,XGBRanker(rank:pairwise) v4 [rank]; XGBRegressor v4 [value]
620342,NLD,3,65.7,0.72899,40138436.0,XGBRanker(rank:pairwise) v4 [rank]; XGBRegressor v4 [value]
620342,ARE,4,65.6,0.72754,37963692.0,XGBRanker(rank:pairwise) v4 [rank]; XGBRegressor v4 [value]
620342,GBR,5,50.1,0.31721,15191421.0,XGBRanker(rank:pairwise) v4 [rank]; XGBRegressor v4 [value]
620342,SAU,6,34.9,-0.08625,8796783.0,XGBRanker(rank:pairwise) v4 [rank]; XGBRegressor v4 [value]
620342,CHN,7,31.1,-0.18483,7632150.5,XGBRanker(rank:pairwise) v4 [rank]; XGBRegressor v4 [value]
620342,SGP,8,20.5,-0.46776,3128424.8,XGBRanker(rank:pairwise) v4 [rank]; XGBRegressor v4 [value]
620342,HKG,9,16.2,-0.5799,2558310.5,XGBRanker(rank:pairwise) v4 [rank]; XGBRegressor v4 [value]
620342,BGD,10,0.0,-1.00915,366739.0,XGBRanker(rank:pairwise) v4 [rank]; XGBRegressor v4 [value]
620442,USA,1,100.0,1.95986,254445950.0,XGBRanker(rank:pairwise) v4 [rank]; XGBRegressor v4 [value]
620442,DEU,2,77.4,1.21846,71907480.0,XGBRanker(rank:pairwise) v4 [rank]; XGBRegressor v4 [value]
620442,GBR,3,74.8,1.13638,88603060.0,XGBRanker(rank:pairwise) v4 [rank]; XGBRegressor v4 [value]
620442,ARE,4,59.6,0.63666,24969576.0,XGBRanker(rank:pairwise) v4 [rank]; XGBRegressor v4 [value]
620442,NLD,5,53.0,0.42013,23299344.0,XGBRanker(rank:pairwise) v4 [rank]; XGBRegressor v4 [value]
620442,SAU,6,43.6,0.11266,13539443.0,XGBRanker(rank:pairwise) v4 [rank]; XGBRegressor v4 [value]
620442,CHN,7,36.8,-0.10844,8270412.0,XGBRanker(rank:pairwise) v4 [rank]; XGBRegressor v4 [value]
620442,HKG,8,29.7,-0.34067,4087249.0,XGBRanker(rank:pairwise) v4 [rank]; XGBRegressor v4 [value]
620442,SGP,9,28.4,-0.3856,4516908.0,XGBRanker(rank:pairwise) v4 [rank]; XGBRegressor v4 [value]
620442,BGD,10,0.0,-1.31396,102350.88,XGBRanker(rank:pairwise) v4 [rank]; XGBRegressor v4 [value]
620443,USA,1,100.0,1.66528,98028640.0,XGBRanker(rank:pairwise) v4 [rank]; XGBRegressor v4 [value]
620443,DEU,2,75.7,0.95274,48138200.0,XGBRanker(rank:pairwise) v4 [rank]; XGBRegressor v4 [value]
620443,GBR,3,75.4,0.94376,48138200.0,XGBRanker(rank:pairwise) v4 [rank]; XGBRegressor v4 [value]
620443,ARE,4,74.2,0.90803,73977270.0,XGBRanker(rank:pairwise) v4 [rank]; XGBRegressor v4 [value]
620443,SAU,5,52.8,0.27756,15597900.0,XGBRanker(rank:pairwise) v4 [rank]; XGBRegressor v4 [value]
620443,NLD,6,47.7,0.1287,12665411.0,XGBRanker(rank:pairwise) v4 [rank]; XGBRegressor v4 [value]
620443,HKG,7,24.7,-0.54794,2518633.0,XGBRanker(rank:pairwise) v4 [rank]; XGBRegressor v4 [value]
620443,SGP,8,23.0,-0.59602,1092551.2,XGBRanker(rank:pairwise) v4 [rank]; XGBRegressor v4 [value]
620443,CHN,9,19.8,-0.69166,828853.6,XGBRanker(rank:pairwise) v4 [rank]; XGBRegressor v4 [value]
620443,BGD,10,0.0,-1.27224,199612.78,XGBRanker(rank:pairwise) v4 [rank]; XGBRegressor v4 [value]
620520,USA,1,100.0,1.83752,187263440.0,XGBRanker(rank:pairwise) v4 [rank]; XGBRegressor v4 [value]
620520,DEU,2,76.8,1.17327,76645190.0,XGBRanker(rank:pairwise) v4 [rank]; XGBRegressor v4 [value]
620520,ARE,3,65.5,0.85188,23489700.0,XGBRanker(rank:pairwise) v4 [rank]; XGBRegressor v4 [value]
620520,GBR,4,62.4,0.76187,40691516.0,XGBRanker(rank:pairwise) v4 [rank]; XGBRegressor v4 [value]
620520,NLD,5,61.2,0.72831,41613920.0,XGBRanker(rank:pairwise) v4 [rank]; XGBRegressor v4 [value]
620520,SAU,6,37.8,0.06062,13414516.0,XGBRanker(rank:pairwise) v4 [rank]; XGBRegressor v4 [value]
620520,SGP,7,27.9,-0.22197,8251086.5,XGBRanker(rank:pairwise) v4 [rank]; XGBRegressor v4 [value]
620520,CHN,8,20.6,-0.43191,2478081.8,XGBRanker(rank:pairwise) v4 [rank]; XGBRegressor v4 [value]
620520,HKG,9,20.2,-0.44181,3397531.2,XGBRanker(rank:pairwise) v4 [rank]; XGBRegressor v4 [value]
620520,BGD,10,0.0,-1.01974,275503.6,XGBRanker(rank:pairwise) v4 [rank]; XGBRegressor v4 [value]
620630,USA,1,100.0,1.80196,187263440.0,XGBRanker(rank:pairwise) v4 [rank]; XGBRegressor v4 [value]
620630,DEU,2,80.0,1.17342,88624350.0,XGBRanker(rank:pairwise) v4 [rank]; XGBRegressor v4 [value]
620630,GBR,3,74.3,0.99311,47694030.0,XGBRanker(rank:pairwise) v4 [rank]; XGBRegressor v4 [value]
620630,NLD,4,56.4,0.43129,23299344.0,XGBRanker(rank:pairwise) v4 [rank]; XGBRegressor v4 [value]
620630,ARE,5,43.1,0.01188,8919647.0,XGBRanker(rank:pairwise) v4 [rank]; XGBRegressor v4 [value]
620630,SAU,6,39.6,-0.09933,8796783.0,XGBRanker(rank:pairwise) v4 [rank]; XGBRegressor v4 [value]
620630,CHN,7,29.5,-0.41781,2384994.2,XGBRanker(rank:pairwise) v4 [rank]; XGBRegressor v4 [value]
620630,HKG,8,27.9,-0.46786,2974932.2,XGBRanker(rank:pairwise) v4 [rank]; XGBRegressor v4 [value]
620630,SGP,9,27.8,-0.4699,3035225.2,XGBRanker(rank:pairwise) v4 [rank]; XGBRegressor v4 [value]
620630,BGD,10,0.0,-1.3449,36372.98,XGBRanker(rank:pairwise) v4 [rank]; XGBRegressor v4 [value]
710231,ARE,1,100.0,1.40791,203862740.0,XGBRanker(rank:pairwise) v4 [rank]; XGBRegressor v4 [value]
710231,HKG,2,74.5,0.70426,41181540.0,XGBRanker(rank:pairwise) v4 [rank]; XGBRegressor v4 [value]
710231,SGP,3,68.6,0.54208,13999425.0,XGBRanker(rank:pairwise) v4 [rank]; XGBRegressor v4 [value]
710231,USA,4,33.3,-0.43037,445947.8,XGBRanker(rank:pairwise) v4 [rank]; XGBRegressor v4 [value]
710231,SAU,5,22.1,-0.74033,2355.75,XGBRanker(rank:pairwise) v4 [rank]; XGBRegressor v4 [value]
710231,CHN,6,19.6,-0.80933,2820.59,XGBRanker(rank:pairwise) v4 [rank]; XGBRegressor v4 [value]
710231,DEU,7,19.4,-0.81501,676.88,XGBRanker(rank:pairwise) v4 [rank]; XGBRegressor v4 [value]
710231,NLD,8,16.6,-0.89197,11.59,XGBRanker(rank:pairwise) v4 [rank]; XGBRegressor v4 [value]
710231,GBR,9,15.6,-0.91853,2918.27,XGBRanker(rank:pairwise) v4 [rank]; XGBRegressor v4 [value]
710231,BGD,10,0.0,-1.34879,10.66,XGBRanker(rank:pairwise) v4 [rank]; XGBRegressor v4 [value]
710239,USA,1,100.0,2.37744,2600948500.0,XGBRanker(rank:pairwise) v4 [rank]; XGBRegressor v4 [value]
710239,HKG,2,90.0,1.99728,1967298700.0,XGBRanker(rank:pairwise) v4 [rank]; XGBRegressor v4 [value]
710239,ARE,3,84.7,1.79781,1190469400.0,XGBRanker(rank:pairwise) v4 [rank]; XGBRegressor v4 [value]
710239,CHN,4,77.5,1.52667,236864100.0,XGBRanker(rank:pairwise) v4 [rank]; XGBRegressor v4 [value]
710239,GBR,5,70.5,1.26058,189662500.0,XGBRanker(rank:pairwise) v4 [rank]; XGBRegressor v4 [value]
710239,SGP,6,60.2,0.87019,36647396.0,XGBRanker(rank:pairwise) v4 [rank]; XGBRegressor v4 [value]
710239,DEU,7,58.3,0.80119,39701996.0,XGBRanker(rank:pairwise) v4 [rank]; XGBRegressor v4 [value]
710239,NLD,8,48.8,0.4395,22646336.0,XGBRanker(rank:pairwise) v4 [rank]; XGBRegressor v4 [value]
710239,SAU,9,39.3,0.08074,8464367.0,XGBRanker(rank:pairwise) v4 [rank]; XGBRegressor v4 [value]
710239,BGD,10,0.0,-1.40594,4.96,XGBRanker(rank:pairwise) v4 [rank]; XGBRegressor v4 [value]
710490,USA,1,100.0,2.02939,326286620.0,XGBRanker(rank:pairwise) v4 [rank]; XGBRegressor v4 [value]
710490,HKG,2,77.6,1.2844,182574500.0,XGBRanker(rank:pairwise) v4 [rank]; XGBRegressor v4 [value]
710490,ARE,3,76.8,1.26056,143253810.0,XGBRanker(rank:pairwise) v4 [rank]; XGBRegressor v4 [value]
710490,GBR,4,56.6,0.58808,35519196.0,XGBRanker(rank:pairwise) v4 [rank]; XGBRegressor v4 [value]
710490,CHN,5,47.1,0.27428,20095792.0,XGBRanker(rank:pairwise) v4 [rank]; XGBRegressor v4 [value]
710490,SGP,6,43.1,0.13911,10543986.0,XGBRanker(rank:pairwise) v4 [rank]; XGBRegressor v4 [value]
710490,NLD,7,37.7,-0.03924,3654103.0,XGBRanker(rank:pairwise) v4 [rank]; XGBRegressor v4 [value]
710490,DEU,8,32.4,-0.21439,2491971.8,XGBRanker(rank:pairwise) v4 [rank]; XGBRegressor v4 [value]
710490,SAU,9,16.7,-0.73679,108758.19,XGBRanker(rank:pairwise) v4 [rank]; XGBRegressor v4 [value]
710490,BGD,10,0.0,-1.29117,11.66,XGBRanker(rank:pairwise) v4 [rank]; XGBRegressor v4 [value]
711311,USA,1,100.0,1.85182,255597300.0,XGBRanker(rank:pairwise) v4 [rank]; XGBRegressor v4 [value]
711311,HKG,2,99.6,1.84046,337711650.0,XGBRanker(rank:pairwise) v4 [rank]; XGBRegressor v4 [value]
711311,GBR,3,71.7,0.99359,48138200.0,XGBRanker(rank:pairwise) v4 [rank]; XGBRegressor v4 [value]
711311,DEU,4,56.5,0.53395,22051256.0,XGBRanker(rank:pairwise) v4 [rank]; XGBRegressor v4 [value]
711311,ARE,5,40.3,0.04317,8011014.0,XGBRanker(rank:pairwise) v4 [rank]; XGBRegressor v4 [value]
711311,NLD,6,28.7,-0.30665,2869267.8,XGBRanker(rank:pairwise) v4 [rank]; XGBRegressor v4 [value]
711311,SGP,7,26.8,-0.36596,2498723.2,XGBRanker(rank:pairwise) v4 [rank]; XGBRegressor v4 [value]
711311,CHN,8,20.8,-0.54589,934962.2,XGBRanker(rank:pairwise) v4 [rank]; XGBRegressor v4 [value]
711311,SAU,9,20.4,-0.55929,688190.25,XGBRanker(rank:pairwise) v4 [rank]; XGBRegressor v4 [value]
711311,BGD,10,0.0,-1.17612,175.03,XGBRanker(rank:pairwise) v4 [rank]; XGBRegressor v4 [value]
711319,USA,1,100.0,2.10678,1952026100.0,XGBRanker(rank:pairwise) v4 [rank]; XGBRegressor v4 [value]
711319,ARE,2,97.0,2.00906,2530980600.0,XGBRanker(rank:pairwise) v4 [rank]; XGBRegressor v4 [value]
711319,SGP,3,88.2,1.72429,354978800.0,XGBRanker(rank:pairwise) v4 [rank]; XGBRegressor v4 [value]
711319,HKG,4,85.6,1.64104,440041660.0,XGBRanker(rank:pairwise) v4 [rank]; XGBRegressor v4 [value]
711319,GBR,5,80.6,1.47782,255695300.0,XGBRanker(rank:pairwise) v4 [rank]; XGBRegressor v4 [value]
711319,SAU,6,71.5,1.18297,178463940.0,XGBRanker(rank:pairwise) v4 [rank]; XGBRegressor v4 [value]
711319,DEU,7,63.1,0.91011,47186870.0,XGBRanker(rank:pairwise) v4 [rank]; XGBRegressor v4 [value]
711319,NLD,8,43.6,0.28003,20492848.0,XGBRanker(rank:pairwise) v4 [rank]; XGBRegressor v4 [value]
711319,CHN,9,41.0,0.19554,7512105.5,XGBRanker(rank:pairwise) v4 [rank]; XGBRegressor v4 [value]
711319,BGD,10,0.0,-1.13349,382.47,XGBRanker(rank:pairwise) v4 [rank]; XGBRegressor v4 [value]
720230,ARE,1,100.0,0.94816,71399220.0,XGBRanker(rank:pairwise) v4 [rank]; XGBRegressor v4 [value]
720230,BGD,2,86.0,0.675,14931844.0,XGBRanker(rank:pairwise) v4 [rank]; XGBRegressor v4 [value]
720230,NLD,3,81.6,0.58916,36660190.0,XGBRanker(rank:pairwise) v4 [rank]; XGBRegressor v4 [value]
720230,SAU,4,70.5,0.37074,10939258.0,XGBRanker(rank:pairwise) v4 [rank]; XGBRegressor v4 [value]
720230,USA,5,69.8,0.35805,10391967.0,XGBRanker(rank:pairwise) v4 [rank]; XGBRegressor v4 [value]
720230,DEU,6,66.4,0.29173,10058187.0,XGBRanker(rank:pairwise) v4 [rank]; XGBRegressor v4 [value]
720230,GBR,7,52.2,0.01436,3424609.5,XGBRanker(rank:pairwise) v4 [rank]; XGBRegressor v4 [value]
720230,CHN,8,40.3,-0.21867,1934902.1,XGBRanker(rank:pairwise) v4 [rank]; XGBRegressor v4 [value]
720230,SGP,9,36.4,-0.29504,648280.4,XGBRanker(rank:pairwise) v4 [rank]; XGBRegressor v4 [value]
720230,HKG,10,0.0,-1.00695,9.6,XGBRanker(rank:pairwise) v4 [rank]; XGBRegressor v4 [value]
720711,GBR,1,100.0,0.17428,1341131.5,XGBRanker(rank:pairwise) v4 [rank]; XGBRegressor v4 [value]
720711,SAU,2,69.4,-0.25558,545096.6,XGBRanker(rank:pairwise) v4 [rank]; XGBRegressor v4 [value]
720711,ARE,3,64.5,-0.32491,32313.77,XGBRanker(rank:pairwise) v4 [rank]; XGBRegressor v4 [value]
720711,USA,4,62.5,-0.35264,552557.6,XGBRanker(rank:pairwise) v4 [rank]; XGBRegressor v4 [value]
720711,DEU,5,42.7,-0.63193,75665.64,XGBRanker(rank:pairwise) v4 [rank]; XGBRegressor v4 [value]
720711,SGP,6,34.5,-0.74651,175.32,XGBRanker(rank:pairwise) v4 [rank]; XGBRegressor v4 [value]
720711,HKG,7,27.4,-0.84616,60.42,XGBRanker(rank:pairwise) v4 [rank]; XGBRegressor v4 [value]
720711,NLD,8,22.3,-0.91874,63.14,XGBRanker(rank:pairwise) v4 [rank]; XGBRegressor v4 [value]
720711,CHN,9,10.5,-1.08455,331.72,XGBRanker(rank:pairwise) v4 [rank]; XGBRegressor v4 [value]
720711,BGD,10,0.0,-1.23206,4.96,XGBRanker(rank:pairwise) v4 [rank]; XGBRegressor v4 [value]
720719,SAU,1,100.0,0.46815,6444800.5,XGBRanker(rank:pairwise) v4 [rank]; XGBRegressor v4 [value]
720719,ARE,2,54.5,-0.38083,58400.99,XGBRanker(rank:pairwise) v4 [rank]; XGBRegressor v4 [value]
720719,USA,3,53.0,-0.40864,445703.3,XGBRanker(rank:pairwise) v4 [rank]; XGBRegressor v4 [value]
720719,GBR,4,51.1,-0.44387,495409.53,XGBRanker(rank:pairwise) v4 [rank]; XGBRegressor v4 [value]
720719,DEU,5,45.7,-0.54486,455450.38,XGBRanker(rank:pairwise) v4 [rank]; XGBRegressor v4 [value]
720719,SGP,6,42.5,-0.60409,99025.46,XGBRanker(rank:pairwise) v4 [rank]; XGBRegressor v4 [value]
720719,NLD,7,32.3,-0.79392,24307.92,XGBRanker(rank:pairwise) v4 [rank]; XGBRegressor v4 [value]
720719,CHN,8,28.2,-0.871,3849.06,XGBRanker(rank:pairwise) v4 [rank]; XGBRegressor v4 [value]
720719,HKG,9,19.7,-1.03036,38.43,XGBRanker(rank:pairwise) v4 [rank]; XGBRegressor v4 [value]
720719,BGD,10,0.0,-1.39733,9.76,XGBRanker(rank:pairwise) v4 [rank]; XGBRegressor v4 [value]
720839,ARE,1,100.0,0.79177,16356438.0,XGBRanker(rank:pairwise) v4 [rank]; XGBRegressor v4 [value]
720839,GBR,2,89.5,0.59572,14184425.0,XGBRanker(rank:pairwise) v4 [rank]; XGBRegressor v4 [value]
720839,SAU,3,66.1,0.16094,1162554.5,XGBRanker(rank:pairwise) v4 [rank]; XGBRegressor v4 [value]
720839,DEU,4,39.2,-0.33992,1144192.5,XGBRanker(rank:pairwise) v4 [rank]; XGBRegressor v4 [value]
720839,USA,5,24.9,-0.60654,25834.82,XGBRanker(rank:pairwise) v4 [rank]; XGBRegressor v4 [value]
720839,BGD,6,20.0,-0.6978,374979.1,XGBRanker(rank:pairwise) v4 [rank]; XGBRegressor v4 [value]
720839,NLD,7,14.9,-0.79299,145.35,XGBRanker(rank:pairwise) v4 [rank]; XGBRegressor v4 [value]
720839,SGP,8,12.3,-0.84058,2410.74,XGBRanker(rank:pairwise) v4 [rank]; XGBRegressor v4 [value]
720839,CHN,9,10.0,-0.88407,679.36,XGBRanker(rank:pairwise) v4 [rank]; XGBRegressor v4 [value]
720839,HKG,10,0.0,-1.07048,8.14,XGBRanker(rank:pairwise) v4 [rank]; XGBRegressor v4 [value]
721049,GBR,1,100.0,1.17609,86130460.0,XGBRanker(rank:pairwise) v4 [rank]; XGBRegressor v4 [value]
721049,ARE,2,62.1,0.39704,19186916.0,XGBRanker(rank:pairwise) v4 [rank]; XGBRegressor v4 [value]
721049,DEU,3,32.3,-0.216,3850208.8,XGBRanker(rank:pairwise) v4 [rank]; XGBRegressor v4 [value]
721049,SAU,4,27.0,-0.32641,1794418.8,XGBRanker(rank:pairwise) v4 [rank]; XGBRegressor v4 [value]
721049,USA,5,20.7,-0.45457,485529.12,XGBRanker(rank:pairwise) v4 [rank]; XGBRegressor v4 [value]
721049,BGD,6,14.0,-0.59218,583577.7,XGBRanker(rank:pairwise) v4 [rank]; XGBRegressor v4 [value]
721049,CHN,7,12.1,-0.63282,285535.53,XGBRanker(rank:pairwise) v4 [rank]; XGBRegressor v4 [value]
721049,SGP,8,8.4,-0.70776,38402.85,XGBRanker(rank:pairwise) v4 [rank]; XGBRegressor v4 [value]
721049,HKG,9,4.9,-0.7808,5143.05,XGBRanker(rank:pairwise) v4 [rank]; XGBRegressor v4 [value]
721049,NLD,10,0.0,-0.88098,2390.01,XGBRanker(rank:pairwise) v4 [rank]; XGBRegressor v4 [value]
840890,USA,1,100.0,1.44234,75341864.0,XGBRanker(rank:pairwise) v4 [rank]; XGBRegressor v4 [value]
840890,CHN,2,93.3,1.29074,195258740.0,XGBRanker(rank:pairwise) v4 [rank]; XGBRegressor v4 [value]
840890,ARE,3,65.1,0.65573,35650124.0,XGBRanker(rank:pairwise) v4 [rank]; XGBRegressor v4 [value]
840890,GBR,4,58.6,0.50994,21603682.0,XGBRanker(rank:pairwise) v4 [rank]; XGBRegressor v4 [value]
840890,DEU,5,56.2,0.45634,13626752.0,XGBRanker(rank:pairwise) v4 [rank]; XGBRegressor v4 [value]
840890,SAU,6,47.4,0.25703,19086796.0,XGBRanker(rank:pairwise) v4 [rank]; XGBRegressor v4 [value]
840890,SGP,7,42.0,0.13515,12522583.0,XGBRanker(rank:pairwise) v4 [rank]; XGBRegressor v4 [value]
840890,NLD,8,19.7,-0.36579,2349613.0,XGBRanker(rank:pairwise) v4 [rank]; XGBRegressor v4 [value]
840890,HKG,9,8.2,-0.62636,666311.1,XGBRanker(rank:pairwise) v4 [rank]; XGBRegressor v4 [value]
840890,BGD,10,0.0,-0.80993,120292.63,XGBRanker(rank:pairwise) v4 [rank]; XGBRegressor v4 [value]
840999,USA,1,100.0,1.97992,270778300.0,XGBRanker(rank:pairwise) v4 [rank]; XGBRegressor v4 [value]
840999,GBR,2,74.1,1.26446,102456220.0,XGBRanker(rank:pairwise) v4 [rank]; XGBRegressor v4 [value]
840999,DEU,3,70.7,1.16898,76848810.0,XGBRanker(rank:pairwise) v4 [rank]; XGBRegressor v4 [value]
840999,SGP,4,48.8,0.56615,34187744.0,XGBRanker(rank:pairwise) v4 [rank]; XGBRegressor v4 [value]
840999,ARE,5,47.4,0.52785,26650338.0,XGBRanker(rank:pairwise) v4 [rank]; XGBRegressor v4 [value]
840999,CHN,6,40.3,0.33075,18500084.0,XGBRanker(rank:pairwise) v4 [rank]; XGBRegressor v4 [value]
840999,NLD,7,34.5,0.17001,12966726.0,XGBRanker(rank:pairwise) v4 [rank]; XGBRegressor v4 [value]
840999,BGD,8,31.7,0.09214,11773395.0,XGBRanker(rank:pairwise) v4 [rank]; XGBRegressor v4 [value]
840999,SAU,9,19.4,-0.24647,4438431.5,XGBRanker(rank:pairwise) v4 [rank]; XGBRegressor v4 [value]
840999,HKG,10,0.0,-0.78323,150059.33,XGBRanker(rank:pairwise) v4 [rank]; XGBRegressor v4 [value]
841112,SGP,1,100.0,1.69852,236567920.0,XGBRanker(rank:pairwise) v4 [rank]; XGBRegressor v4 [value]
841112,USA,2,98.6,1.65871,203497550.0,XGBRanker(rank:pairwise) v4 [rank]; XGBRegressor v4 [value]
841112,GBR,3,82.7,1.21534,192478820.0,XGBRanker(rank:pairwise) v4 [rank]; XGBRegressor v4 [value]
841112,DEU,4,81.5,1.18086,87247200.0,XGBRanker(rank:pairwise) v4 [rank]; XGBRegressor v4 [value]
841112,HKG,5,58.0,0.52587,5073128.0,XGBRanker(rank:pairwise) v4 [rank]; XGBRegressor v4 [value]
841112,SAU,6,50.8,0.32533,324740.1,XGBRanker(rank:pairwise) v4 [rank]; XGBRegressor v4 [value]
841112,CHN,7,47.0,0.21811,7223074.5,XGBRanker(rank:pairwise) v4 [rank]; XGBRegressor v4 [value]
841112,NLD,8,39.5,0.00959,1580301.1,XGBRanker(rank:pairwise) v4 [rank]; XGBRegressor v4 [value]
841112,ARE,9,35.4,-0.10476,4637546.0,XGBRanker(rank:pairwise) v4 [rank]; XGBRegressor v4 [value]
841112,BGD,10,0.0,-1.09481,14.76,XGBRanker(rank:pairwise) v4 [rank]; XGBRegressor v4 [value]
848180,USA,1,100.0,1.82529,230850800.0,XGBRanker(rank:pairwise) v4 [rank]; XGBRegressor v4 [value]
848180,ARE,2,69.7,1.14227,99271610.0,XGBRanker(rank:pairwise) v4 [rank]; XGBRegressor v4 [value]
848180,SAU,3,68.9,1.12524,96061656.0,XGBRanker(rank:pairwise) v4 [rank]; XGBRegressor v4 [value]
848180,CHN,4,64.7,1.02988,73457176.0,XGBRanker(rank:pairwise) v4 [rank]; XGBRegressor v4 [value]
848180,SGP,5,51.7,0.73667,39789860.0,XGBRanker(rank:pairwise) v4 [rank]; XGBRegressor v4 [value]
848180,GBR,6,51.5,0.73109,36029788.0,XGBRanker(rank:pairwise) v4 [rank]; XGBRegressor v4 [value]
848180,DEU,7,38.6,0.44086,20305040.0,XGBRanker(rank:pairwise) v4 [rank]; XGBRegressor v4 [value]
848180,NLD,8,29.4,0.23382,14694040.0,XGBRanker(rank:pairwise) v4 [rank]; XGBRegressor v4 [value]
848180,BGD,9,24.1,0.11345,12369540.0,XGBRanker(rank:pairwise) v4 [rank]; XGBRegressor v4 [value]
848180,HKG,10,0.0,-0.42873,2624872.8,XGBRanker(rank:pairwise) v4 [rank]; XGBRegressor v4 [value]
848340,USA,1,100.0,2.0522,343002340.0,XGBRanker(rank:pairwise) v4 [rank]; XGBRegressor v4 [value]
848340,DEU,2,71.4,1.19662,90004700.0,XGBRanker(rank:pairwise) v4 [rank]; XGBRegressor v4 [value]
848340,GBR,3,48.9,0.52223,23579656.0,XGBRanker(rank:pairwise) v4 [rank]; XGBRegressor v4 [value]
848340,CHN,4,45.6,0.42424,20364888.0,XGBRanker(rank:pairwise) v4 [rank]; XGBRegressor v4 [value]
848340,NLD,5,31.5,0.00357,8332750.0,XGBRanker(rank:pairwise) v4 [rank]; XGBRegressor v4 [value]
848340,ARE,6,29.9,-0.04469,8802238.0,XGBRanker(rank:pairwise) v4 [rank]; XGBRegressor v4 [value]
848340,SGP,7,21.4,-0.29931,4275686.5,XGBRanker(rank:pairwise) v4 [rank]; XGBRegressor v4 [value]
848340,SAU,8,20.0,-0.34227,2794101.0,XGBRanker(rank:pairwise) v4 [rank]; XGBRegressor v4 [value]
848340,BGD,9,19.2,-0.36596,2570705.2,XGBRanker(rank:pairwise) v4 [rank]; XGBRegressor v4 [value]
848340,HKG,10,0.0,-0.9399,1191.85,XGBRanker(rank:pairwise) v4 [rank]; XGBRegressor v4 [value]
850300,USA,1,100.0,1.8588,263389100.0,XGBRanker(rank:pairwise) v4 [rank]; XGBRegressor v4 [value]
850300,DEU,2,81.0,1.34863,131501720.0,XGBRanker(rank:pairwise) v4 [rank]; XGBRegressor v4 [value]
850300,GBR,3,41.8,0.29879,13052358.0,XGBRanker(rank:pairwise) v4 [rank]; XGBRegressor v4 [value]
850300,CHN,4,39.2,0.22854,13857059.0,XGBRanker(rank:pairwise) v4 [rank]; XGBRegressor v4 [value]
850300,SAU,5,27.7,-0.08146,8699299.0,XGBRanker(rank:pairwise) v4 [rank]; XGBRegressor v4 [value]
850300,ARE,6,24.2,-0.17513,3134902.5,XGBRanker(rank:pairwise) v4 [rank]; XGBRegressor v4 [value]
850300,NLD,7,21.5,-0.2458,4371942.0,XGBRanker(rank:pairwise) v4 [rank]; XGBRegressor v4 [value]
850300,SGP,8,17.0,-0.36636,3019801.5,XGBRanker(rank:pairwise) v4 [rank]; XGBRegressor v4 [value]
850300,BGD,9,8.5,-0.5955,528039.6,XGBRanker(rank:pairwise) v4 [rank]; XGBRegressor v4 [value]
850300,HKG,10,0.0,-0.8233,117047.8,XGBRanker(rank:pairwise) v4 [rank]; XGBRegressor v4 [value]
850440,USA,1,100.0,2.09298,426407840.0,XGBRanker(rank:pairwise) v4 [rank]; XGBRegressor v4 [value]
850440,NLD,2,62.2,1.2462,100768770.0,XGBRanker(rank:pairwise) v4 [rank]; XGBRegressor v4 [value]
850440,CHN,3,56.8,1.12396,89432980.0,XGBRanker(rank:pairwise) v4 [rank]; XGBRegressor v4 [value]
850440,DEU,4,47.0,0.9055,54486276.0,XGBRanker(rank:pairwise) v4 [rank]; XGBRegressor v4 [value]
850440,SGP,5,44.1,0.83975,46965536.0,XGBRanker(rank:pairwise) v4 [rank]; XGBRegressor v4 [value]
850440,GBR,6,37.1,0.68392,35908836.0,XGBRanker(rank:pairwise) v4 [rank]; XGBRegressor v4 [value]
850440,HKG,7,29.2,0.50643,27509370.0,XGBRanker(rank:pairwise) v4 [rank]; XGBRegressor v4 [value]
850440,ARE,8,26.9,0.45536,25633972.0,XGBRanker(rank:pairwise) v4 [rank]; XGBRegressor v4 [value]
850440,BGD,9,25.5,0.42266,23758110.0,XGBRanker(rank:pairwise) v4 [rank]; XGBRegressor v4 [value]
850440,SAU,10,0.0,-0.14854,8372810.0,XGBRanker(rank:pairwise) v4 [rank]; XGBRegressor v4 [value]
851712,USA,1,100.0,2.085,1107144800.0,XGBRanker(rank:pairwise) v4 [rank]; XGBRegressor v4 [value]
851712,ARE,2,87.4,1.7831,1388872100.0,XGBRanker(rank:pairwise) v4 [rank]; XGBRegressor v4 [value]
851712,GBR,3,84.0,1.70203,1215311500.0,XGBRanker(rank:pairwise) v4 [rank]; XGBRegressor v4 [value]
851712,DEU,4,83.3,1.68438,457713200.0,XGBRanker(rank:pairwise) v4 [rank]; XGBRegressor v4 [value]
851712,NLD,5,81.7,1.64782,1280621800.0,XGBRanker(rank:pairwise) v4 [rank]; XGBRegressor v4 [value]
851712,SAU,6,72.7,1.43103,280111140.0,XGBRanker(rank:pairwise) v4 [rank]; XGBRegressor v4 [value]
851712,CHN,7,40.9,0.67075,21941000.0,XGBRanker(rank:pairwise) v4 [rank]; XGBRegressor v4 [value]
851712,HKG,8,40.1,0.65157,47060050.0,XGBRanker(rank:pairwise) v4 [rank]; XGBRegressor v4 [value]
851712,SGP,9,19.7,0.16473,14532353.0,XGBRanker(rank:pairwise) v4 [rank]; XGBRegressor v4 [value]
851712,BGD,10,0.0,-0.30718,2171630.0,XGBRanker(rank:pairwise) v4 [rank]; XGBRegressor v4 [value]
851762,USA,1,100.0,2.06631,980829250.0,XGBRanker(rank:pairwise) v4 [rank]; XGBRegressor v4 [value]
851762,HKG,2,81.3,1.60637,458433150.0,XGBRanker(rank:pairwise) v4 [rank]; XGBRegressor v4 [value]
851762,NLD,3,71.0,1.35442,130188504.0,XGBRanker(rank:pairwise) v4 [rank]; XGBRegressor v4 [value]
851762,SGP,4,56.6,0.99866,49809710.0,XGBRanker(rank:pairwise) v4 [rank]; XGBRegressor v4 [value]
851762,ARE,5,56.3,0.99302,54883252.0,XGBRanker(rank:pairwise) v4 [rank]; XGBRegressor v4 [value]
851762,CHN,6,46.7,0.75656,44632110.0,XGBRanker(rank:pairwise) v4 [rank]; XGBRegressor v4 [value]
851762,GBR,7,32.0,0.39589,21517364.0,XGBRanker(rank:pairwise) v4 [rank]; XGBRegressor v4 [value]
851762,DEU,8,27.3,0.27873,20545212.0,XGBRanker(rank:pairwise) v4 [rank]; XGBRegressor v4 [value]
851762,SAU,9,16.5,0.01426,9272011.0,XGBRanker(rank:pairwise) v4 [rank]; XGBRegressor v4 [value]
851762,BGD,10,0.0,-0.39094,2458047.0,XGBRanker(rank:pairwise) v4 [rank]; XGBRegressor v4 [value]
851770,USA,1,100.0,1.55564,95546720.0,XGBRanker(rank:pairwise) v4 [rank]; XGBRegressor v4 [value]
851770,CHN,2,89.3,1.33637,175665250.0,XGBRanker(rank:pairwise) v4 [rank]; XGBRegressor v4 [value]
851770,HKG,3,71.6,0.97657,49667124.0,XGBRanker(rank:pairwise) v4 [rank]; XGBRegressor v4 [value]
851770,NLD,4,50.6,0.54799,25857402.0,XGBRanker(rank:pairwise) v4 [rank]; XGBRegressor v4 [value]
851770,GBR,5,49.1,0.51707,25448804.0,XGBRanker(rank:pairwise) v4 [rank]; XGBRegressor v4 [value]
851770,ARE,6,24.2,0.00741,8763858.0,XGBRanker(rank:pairwise) v4 [rank]; XGBRegressor v4 [value]
851770,DEU,7,11.3,-0.25544,3347391.2,XGBRanker(rank:pairwise) v4 [rank]; XGBRegressor v4 [value]
851770,SGP,8,1.3,-0.4594,2284817.2,XGBRanker(rank:pairwise) v4 [rank]; XGBRegressor v4 [value]
851770,SAU,9,0.6,-0.47297,824441.94,XGBRanker(rank:pairwise) v4 [rank]; XGBRegressor v4 [value]
851770,BGD,10,0.0,-0.4857,870906.4,XGBRanker(rank:pairwise) v4 [rank]; XGBRegressor v4 [value]
870321,SAU,1,100.0,1.261,207480320.0,XGBRanker(rank:pairwise) v4 [rank]; XGBRegressor v4 [value]
870321,ARE,2,80.7,0.74917,40294380.0,XGBRanker(rank:pairwise) v4 [rank]; XGBRegressor v4 [value]
870321,SGP,3,42.4,-0.26917,845359.25,XGBRanker(rank:pairwise) v4 [rank]; XGBRegressor v4 [value]
870321,USA,4,39.8,-0.33873,460411.4,XGBRanker(rank:pairwise) v4 [rank]; XGBRegressor v4 [value]
870321,NLD,5,32.9,-0.52221,458473.0,XGBRanker(rank:pairwise) v4 [rank]; XGBRegressor v4 [value]
870321,DEU,6,32.2,-0.54097,379991.97,XGBRanker(rank:pairwise) v4 [rank]; XGBRegressor v4 [value]
870321,GBR,7,30.9,-0.57458,125054.17,XGBRanker(rank:pairwise) v4 [rank]; XGBRegressor v4 [value]
870321,CHN,8,21.3,-0.82975,15394.1,XGBRanker(rank:pairwise) v4 [rank]; XGBRegressor v4 [value]
870321,HKG,9,16.5,-0.95729,5.08,XGBRanker(rank:pairwise) v4 [rank]; XGBRegressor v4 [value]
870321,BGD,10,0.0,-1.3972,86.65,XGBRanker(rank:pairwise) v4 [rank]; XGBRegressor v4 [value]
870322,SAU,1,100.0,1.57055,1122325600.0,XGBRanker(rank:pairwise) v4 [rank]; XGBRegressor v4 [value]
870322,ARE,2,97.7,1.51572,314071200.0,XGBRanker(rank:pairwise) v4 [rank]; XGBRegressor v4 [value]
870322,CHN,3,34.9,0.02056,2153678.5,XGBRanker(rank:pairwise) v4 [rank]; XGBRegressor v4 [value]
870322,USA,4,25.6,-0.20321,1949696.5,XGBRanker(rank:pairwise) v4 [rank]; XGBRegressor v4 [value]
870322,HKG,5,25.3,-0.20883,2137016.2,XGBRanker(rank:pairwise) v4 [rank]; XGBRegressor v4 [value]
870322,BGD,6,24.5,-0.22836,1208829.8,XGBRanker(rank:pairwise) v4 [rank]; XGBRegressor v4 [value]
870322,GBR,7,14.4,-0.46925,329044.34,XGBRanker(rank:pairwise) v4 [rank]; XGBRegressor v4 [value]
870322,DEU,8,13.9,-0.48139,741821.1,XGBRanker(rank:pairwise) v4 [rank]; XGBRegressor v4 [value]
870322,NLD,9,6.0,-0.66867,75722.16,XGBRanker(rank:pairwise) v4 [rank]; XGBRegressor v4 [value]
870322,SGP,10,0.0,-0.81195,1082.86,XGBRanker(rank:pairwise) v4 [rank]; XGBRegressor v4 [value]
870323,SAU,1,100.0,0.46868,25141140.0,XGBRanker(rank:pairwise) v4 [rank]; XGBRegressor v4 [value]
870323,ARE,2,61.0,-0.14214,4022803.8,XGBRanker(rank:pairwise) v4 [rank]; XGBRegressor v4 [value]
870323,USA,3,44.4,-0.40311,771712.6,XGBRanker(rank:pairwise) v4 [rank]; XGBRegressor v4 [value]
870323,DEU,4,43.8,-0.41274,888306.25,XGBRanker(rank:pairwise) v4 [rank]; XGBRegressor v4 [value]
870323,NLD,5,30.9,-0.61441,178523.08,XGBRanker(rank:pairwise) v4 [rank]; XGBRegressor v4 [value]
870323,GBR,6,30.6,-0.6197,95262.16,XGBRanker(rank:pairwise) v4 [rank]; XGBRegressor v4 [value]
870323,CHN,7,24.8,-0.71112,72088.88,XGBRanker(rank:pairwise) v4 [rank]; XGBRegressor v4 [value]
870323,SGP,8,16.6,-0.83905,147.85,XGBRanker(rank:pairwise) v4 [rank]; XGBRegressor v4 [value]
870323,HKG,9,7.8,-0.97733,31.86,XGBRanker(rank:pairwise) v4 [rank]; XGBRegressor v4 [value]
870323,BGD,10,0.0,-1.09928,860.66,XGBRanker(rank:pairwise) v4 [rank]; XGBRegressor v4 [value]
870899,USA,1,100.0,2.10593,410167100.0,XGBRanker(rank:pairwise) v4 [rank]; XGBRegressor v4 [value]
870899,DEU,2,71.9,1.31902,162478990.0,XGBRanker(rank:pairwise) v4 [rank]; XGBRegressor v4 [value]
870899,ARE,3,60.3,0.99367,38045970.0,XGBRanker(rank:pairwise) v4 [rank]; XGBRegressor v4 [value]
870899,GBR,4,57.4,0.91122,45628436.0,XGBRanker(rank:pairwise) v4 [rank]; XGBRegressor v4 [value]
870899,NLD,5,52.2,0.76593,43858850.0,XGBRanker(rank:pairwise) v4 [rank]; XGBRegressor v4 [value]
870899,BGD,6,51.5,0.74852,42747440.0,XGBRanker(rank:pairwise) v4 [rank]; XGBRegressor v4 [value]
870899,SGP,7,49.6,0.69511,37906460.0,XGBRanker(rank:pairwise) v4 [rank]; XGBRegressor v4 [value]
870899,CHN,8,46.4,0.60447,33903650.0,XGBRanker(rank:pairwise) v4 [rank]; XGBRegressor v4 [value]
870899,SAU,9,27.2,0.06586,9035657.0,XGBRanker(rank:pairwise) v4 [rank]; XGBRegressor v4 [value]
870899,HKG,10,0.0,-0.69563,209420.4,XGBRanker(rank:pairwise) v4 [rank]; XGBRegressor v4 [value]
871120,BGD,1,100.0,1.02764,61541990.0,XGBRanker(rank:pairwise) v4 [rank]; XGBRegressor v4 [value]
871120,ARE,2,86.2,0.78546,30488220.0,XGBRanker(rank:pairwise) v4 [rank]; XGBRegressor v4 [value]
871120,SAU,3,61.1,0.34388,11418220.0,XGBRanker(rank:pairwise) v4 [rank]; XGBRegressor v4 [value]
871120,USA,4,52.7,0.19606,7080132.5,XGBRanker(rank:pairwise) v4 [rank]; XGBRegressor v4 [value]
871120,GBR,5,41.8,0.00405,4198837.5,XGBRanker(rank:pairwise) v4 [rank]; XGBRegressor v4 [value]
871120,NLD,6,41.7,0.00154,3660081.0,XGBRanker(rank:pairwise) v4 [rank]; XGBRegressor v4 [value]
871120,DEU,7,32.2,-0.165,3255383.8,XGBRanker(rank:pairwise) v4 [rank]; XGBRegressor v4 [value]
871120,SGP,8,22.7,-0.33319,1559823.9,XGBRanker(rank:pairwise) v4 [rank]; XGBRegressor v4 [value]
871120,CHN,9,2.2,-0.69293,55837.01,XGBRanker(rank:pairwise) v4 [rank]; XGBRegressor v4 [value]
871120,HKG,10,0.0,-0.73226,35007.44,XGBRanker(rank:pairwise) v4 [rank]; XGBRegressor v4 [value]
